-- Seed: ports the exact FR/AR copy from the former Markdown content files.
-- Idempotent — every insert is ON CONFLICT DO NOTHING.

-- ---------------------------------------------------------------- destinations
INSERT INTO destinations (id, sort_order, available, flag, title_fr, title_ar, intro_fr, intro_ar,
                          seo_title_fr, seo_title_ar, seo_desc_fr, seo_desc_ar,
                          image_3d, image_hero, mesh_from, mesh_to) VALUES
('france', 10, true, '🇫🇷', 'France', 'فرنسا',
 'Études, travail ou installation : la France reste la destination la plus demandée. Nous couvrons tout le parcours, de Campus France au visa long séjour.',
 'دراسة، عمل أو إقامة: تبقى فرنسا الوجهة الأكثر طلباً. نرافقك في كامل المسار، من كامبوس فرانس إلى تأشيرة الإقامة الطويلة.',
 'Partir en France — études, travail, installation', 'السفر إلى فرنسا',
 'Accompagnement pour étudier, travailler ou s’installer en France : Campus France, TCF, visa.', 'مرافقة للدراسة والعمل والإقامة في فرنسا.',
 '/destinations/france-3d.png', '/destinations/france-hero.webp', '#0055A4', '#EF4135'),
('canada', 20, true, '🇨🇦', 'Canada', 'كندا',
 'Le Canada attire par ses programmes d’études et ses voies d’immigration. Nous préparons vos dossiers administratifs (nous n’offrons pas de conseil réglementé en immigration).',
 'تجذب كندا ببرامجها الدراسية ومسارات الهجرة. نُحضّر ملفاتك الإدارية (دون تقديم استشارة هجرة منظّمة).',
 'Partir au Canada — études, travail, résidence', 'السفر إلى كندا',
 'Préparation de dossiers pour étudier, travailler ou immigrer au Canada.', 'تحضير ملفات الدراسة والعمل والهجرة إلى كندا.',
 '/destinations/canada-3d.png', '/destinations/canada-hero.webp', '#D52B1E', '#FFFFFF'),
('spain', 30, false, '🇪🇸', 'Espagne', 'إسبانيا',
 'Bientôt disponible. Laissez-nous vos coordonnées pour être prévenu en priorité.',
 'قريباً. اترك بياناتك لإعلامك أولاً.',
 'Partir en Espagne — bientôt', 'السفر إلى إسبانيا — قريباً',
 'Accompagnement pour l’Espagne bientôt disponible.', 'مرافقة نحو إسبانيا قريباً.',
 NULL, NULL, '#AA151B', '#F1BF00'),
('portugal', 40, false, '🇵🇹', 'Portugal', 'البرتغال',
 'Bientôt disponible. Laissez-nous vos coordonnées pour être prévenu en priorité.',
 'قريباً. اترك بياناتك لإعلامك أولاً.',
 'Partir au Portugal — bientôt', 'السفر إلى البرتغال — قريباً',
 'Accompagnement pour le Portugal bientôt disponible.', 'مرافقة نحو البرتغال قريباً.',
 NULL, NULL, '#006633', '#DA291C')
ON CONFLICT (id) DO NOTHING;

-- ---------------------------------------------------------------- services
INSERT INTO services (id, sort_order, available, icon, icon_image, title_fr, title_ar, tagline_fr, tagline_ar,
                      summary_fr, summary_ar, includes_fr, includes_ar, whatsapp_fr, whatsapp_ar,
                      seo_title_fr, seo_title_ar, seo_desc_fr, seo_desc_ar, is_global) VALUES
('tcf', 10, true, 'file-check', '/icons/tcf.png',
 'Inscription TCF / TEF', 'التسجيل في TCF / TEF',
 'Réservez votre session au bon moment, sans stress d’inscription.', 'احجز موعد اختبارك في الوقت المناسب، دون عناء التسجيل.',
 'Nous gérons votre inscription au TCF ou au TEF (toutes versions : TCF Canada, TCF pour Études en France, TEF Canada), du choix de la session à la confirmation, et nous vous orientons vers la préparation adaptée à votre niveau visé.',
 'نتكفل بتسجيلك في اختبار TCF أو TEF (بجميع نسخه: TCF كندا، TCF للدراسة في فرنسا، TEF كندا)، من اختيار الموعد إلى التأكيد، ونوجّهك نحو التحضير المناسب لمستواك المستهدف.',
 ARRAY['Choix de la version du test selon votre projet (études, immigration, naturalisation)', 'Inscription complète et confirmation de la session', 'Conseils de préparation et objectifs de niveau (A2 à C1)', 'Rappel des dates limites et pièces à fournir'],
 ARRAY['اختيار نسخة الاختبار حسب مشروعك', 'تسجيل كامل وتأكيد الموعد', 'نصائح للتحضير وأهداف المستوى', 'تذكير بالآجال والوثائق المطلوبة'],
 'Bonjour, je souhaite m’inscrire au TCF/TEF. Pouvez-vous m’aider ?', 'مرحباً، أرغب في التسجيل في TCF/TEF. هل يمكنكم مساعدتي؟',
 'Inscription TCF / TEF — accompagnement', 'التسجيل في TCF / TEF',
 'Inscription au TCF et TEF (Canada, Études en France) et conseils de préparation.', 'التسجيل في اختبارات TCF و TEF مع نصائح التحضير.', false),
('campus-france', 20, true, 'graduation', '/icons/campus-france.png',
 'Campus France / Études en France', 'كامبوس فرانس / الدراسة في فرنسا',
 'Un dossier Études en France solide, prêt pour l’entretien.', 'ملف "الدراسة في فرنسا" متين وجاهز للمقابلة.',
 'De la création de votre compte Études en France au choix des formations, en passant par la lettre de motivation et la préparation à l’entretien Campus France : nous construisons un dossier cohérent qui met en valeur votre parcours.',
 'من إنشاء حساب "الدراسة في فرنسا" إلى اختيار التكوينات، مروراً برسالة الدوافع والتحضير لمقابلة كامبوس فرانس: نبني ملفاً متماسكاً يُبرز مسارك.',
 ARRAY['Création et paramétrage du compte Études en France', 'Choix stratégique des vœux de formation', 'Lettre de motivation et projet d’études', 'Préparation à l’entretien Campus France'],
 ARRAY['إنشاء وضبط حساب الدراسة في فرنسا', 'اختيار استراتيجي للرغبات', 'رسالة الدوافع ومشروع الدراسة', 'التحضير لمقابلة كامبوس فرانس'],
 'Bonjour, je prépare mon dossier Campus France / Études en France. Pouvez-vous m’accompagner ?', 'مرحباً، أحضّر ملف كامبوس فرانس / الدراسة في فرنسا. هل يمكنكم مرافقتي؟',
 'Campus France / Études en France — accompagnement dossier', 'كامبوس فرانس / الدراسة في فرنسا',
 'Accompagnement complet du dossier Études en France : vœux, lettre de motivation, entretien.', 'مرافقة كاملة لملف الدراسة في فرنسا.', false),
('visa-dossier', 30, true, 'passport', '/icons/visa-dossier.png',
 'Constitution de dossier visa', 'إعداد ملف التأشيرة',
 'Un dossier vérifié, complet, conforme aux exigences.', 'ملف مُدقّق وكامل ومطابق للمتطلبات.',
 'Nous préparons et vérifions votre dossier de visa (étudiant, court séjour, long séjour) : liste des pièces, mise en forme, cohérence des justificatifs et relecture avant dépôt. Un dossier propre réduit les risques d’incomplétude.',
 'نُعدّ ونُدقّق ملف تأشيرتك (طالب، إقامة قصيرة، إقامة طويلة): قائمة الوثائق، التنسيق، تماسك المبررات والمراجعة قبل الإيداع.',
 ARRAY['Checklist personnalisée des pièces requises', 'Vérification de cohérence et de conformité', 'Aide au justificatif financier et à l’attestation', 'Relecture finale avant dépôt'],
 ARRAY['قائمة وثائق مخصصة', 'التحقق من التماسك والمطابقة', 'المساعدة في المبرر المالي والشهادات', 'مراجعة نهائية قبل الإيداع'],
 'Bonjour, j’ai besoin d’aide pour constituer mon dossier de visa.', 'مرحباً، أحتاج مساعدة في إعداد ملف تأشيرتي.',
 'Constitution et vérification de dossier visa', 'إعداد ملف التأشيرة',
 'Préparation et vérification de dossier de visa étudiant, court et long séjour.', 'إعداد وتدقيق ملف التأشيرة.', false),
('rdv-booking', 40, true, 'calendar', '/icons/rdv-booking.png',
 'Prise de rendez-vous (TLS / VFS / consulat)', 'حجز المواعيد (TLS / VFS / القنصلية)',
 'Un créneau sécurisé, sans passer des nuits à rafraîchir.', 'موعد مضمون دون سهر أمام الشاشة.',
 'Nous surveillons les ouvertures de créneaux et prenons votre rendez-vous auprès de TLScontact, VFS Global ou du consulat concerné, selon votre type de visa et votre ville.',
 'نراقب فتح المواعيد ونحجز موعدك لدى TLScontact أو VFS Global أو القنصلية المعنية، حسب نوع تأشيرتك ومدينتك.',
 ARRAY['Suivi des ouvertures de créneaux', 'Prise de rendez-vous au centre adapté', 'Rappel de la date et des documents à apporter'],
 ARRAY['متابعة فتح المواعيد', 'الحجز في المركز المناسب', 'تذكير بالتاريخ والوثائق'],
 'Bonjour, j’ai besoin d’un rendez-vous (TLS/VFS/consulat).', 'مرحباً، أحتاج موعداً (TLS/VFS/القنصلية).',
 'Prise de rendez-vous visa (TLS, VFS, consulat)', 'حجز موعد التأشيرة',
 'Prise de rendez-vous auprès de TLScontact, VFS Global et consulats.', 'حجز مواعيد لدى TLS و VFS والقنصليات.', false),
('translation', 50, true, 'languages', '/icons/translation.png',
 'Traduction assermentée', 'الترجمة المحلّفة',
 'Vos documents traduits et acceptés par les autorités.', 'وثائقك مترجمة ومقبولة لدى السلطات.',
 'Traduction assermentée de vos documents officiels (actes, diplômes, relevés, attestations) par des traducteurs agréés, dans les délais exigés par les dossiers.',
 'ترجمة محلّفة لوثائقك الرسمية (عقود، شهادات، كشوف) من طرف مترجمين معتمدين، ضمن الآجال المطلوبة.',
 ARRAY['Traduction assermentée FR / AR / EN', 'Documents d’état civil, diplômes, relevés', 'Délais adaptés à votre dépôt de dossier'],
 ARRAY['ترجمة محلّفة فرنسية / عربية / إنجليزية', 'وثائق الحالة المدنية والشهادات والكشوف', 'آجال تناسب إيداع ملفك'],
 'Bonjour, j’ai des documents à faire traduire (traduction assermentée).', 'مرحباً، لديّ وثائق للترجمة المحلّفة.',
 'Traduction assermentée de documents officiels', 'الترجمة المحلّفة',
 'Traduction assermentée de diplômes, actes et attestations pour vos dossiers.', 'ترجمة محلّفة للشهادات والعقود.', false),
('flights', 60, true, 'plane', '/icons/flights.png',
 'Billets d’avion', 'تذاكر الطيران',
 'Le bon vol, au bon tarif, réservation ou attestation.', 'الرحلة المناسبة بالسعر المناسب، حجز أو شهادة.',
 'Réservation de billets d’avion et, selon les besoins du dossier, attestation de réservation. Nous cherchons les meilleures options de dates et de tarifs pour votre départ.',
 'حجز تذاكر الطيران، وعند الحاجة شهادة حجز للملف. نبحث لك عن أفضل التواريخ والأسعار للسفر.',
 ARRAY['Recherche des meilleurs tarifs et itinéraires', 'Réservation ou attestation de réservation', 'Assistance en cas de changement de date'],
 ARRAY['البحث عن أفضل الأسعار والمسارات', 'حجز أو شهادة حجز', 'مساعدة عند تغيير التاريخ'],
 'Bonjour, j’ai besoin d’un billet d’avion / d’une attestation de réservation.', 'مرحباً، أحتاج تذكرة طيران / شهادة حجز.',
 'Billets d’avion et attestation de réservation', 'تذاكر الطيران',
 'Réservation de billets d’avion et attestation de réservation pour le dossier visa.', 'حجز تذاكر الطيران وشهادة الحجز.', false),
('accommodation', 70, true, 'home', '/icons/accommodation.png',
 'Hébergement & attestation', 'السكن وشهادة الاستضافة',
 'Une adresse et un justificatif d’hébergement fiables.', 'عنوان ومبرر سكن موثوق.',
 'Aide à la réservation d’hébergement et à l’obtention de l’attestation d’accueil ou de la réservation exigée par le dossier de visa, en France comme au Canada.',
 'مساعدة في حجز السكن والحصول على شهادة الاستضافة أو الحجز المطلوب في ملف التأشيرة، في فرنسا وكندا.',
 ARRAY['Réservation d’hébergement adaptée au séjour', 'Attestation d’accueil / de réservation', 'Conseils sur les justificatifs acceptés'],
 ARRAY['حجز سكن مناسب للإقامة', 'شهادة استضافة / حجز', 'نصائح حول المبررات المقبولة'],
 'Bonjour, j’ai besoin d’un hébergement / d’une attestation d’accueil.', 'مرحباً، أحتاج سكناً / شهادة استضافة.',
 'Hébergement et attestation d’accueil', 'السكن وشهادة الاستضافة',
 'Réservation d’hébergement et attestation d’accueil pour votre dossier.', 'حجز السكن وشهادة الاستضافة.', false),
('cv-lm', 80, true, 'pen', '/icons/cv-lm.png',
 'CV & lettre de motivation', 'السيرة الذاتية ورسالة الدوافع',
 'Un CV et une lettre qui parlent aux jurys et employeurs.', 'سيرة ورسالة تُقنع اللجان وأصحاب العمل.',
 'Rédaction et mise en forme de votre CV et de votre lettre de motivation aux standards français et canadiens, adaptés à votre projet d’études ou d’emploi.',
 'تحرير وتنسيق سيرتك الذاتية ورسالة دوافعك وفق المعايير الفرنسية والكندية، بما يناسب مشروع دراستك أو عملك.',
 ARRAY['CV au format français / canadien', 'Lettre de motivation ciblée', 'Relecture et optimisation'],
 ARRAY['سيرة ذاتية بالنمط الفرنسي / الكندي', 'رسالة دوافع موجّهة', 'مراجعة وتحسين'],
 'Bonjour, j’ai besoin d’aide pour mon CV et ma lettre de motivation.', 'مرحباً، أحتاج مساعدة في السيرة الذاتية ورسالة الدوافع.',
 'CV et lettre de motivation (France / Canada)', 'السيرة الذاتية ورسالة الدوافع',
 'Rédaction de CV et lettre de motivation aux standards français et canadiens.', 'تحرير السيرة الذاتية ورسالة الدوافع.', false)
ON CONFLICT (id) DO NOTHING;

-- ---------------------------------------------------------------- destination_services
INSERT INTO destination_services (destination_id, service_id, sort_order) VALUES
('france', 'campus-france', 10),
('france', 'tcf',           20),
('france', 'visa-dossier',  30),
('france', 'rdv-booking',   40),
('france', 'translation',   50),
('france', 'accommodation', 60),
('france', 'flights',       70),
('france', 'cv-lm',         80),
('canada', 'tcf',           10),
('canada', 'visa-dossier',  20),
('canada', 'translation',   30),
('canada', 'cv-lm',         40),
('canada', 'flights',       50),
('canada', 'rdv-booking',   60)
ON CONFLICT (destination_id, service_id) DO NOTHING;

-- ---------------------------------------------------------------- destination_tracks
INSERT INTO destination_tracks (destination_id, key, sort_order, title_fr, title_ar, points_fr, points_ar) VALUES
('france', 'student', 10, 'Étudiants', 'الطلبة',
 ARRAY['Compte et dossier Études en France (Campus France)', 'Inscription au TCF / TEF et préparation', 'Visa étudiant long séjour (VLS-TS) et justificatifs', 'Lettre de motivation et préparation à l’entretien'],
 ARRAY['حساب وملف الدراسة في فرنسا (كامبوس فرانس)', 'التسجيل في TCF / TEF والتحضير', 'تأشيرة الطالب طويلة الإقامة والمبررات', 'رسالة الدوافع والتحضير للمقابلة']),
('france', 'worker', 20, 'Travailleurs', 'العمال',
 ARRAY['Visa de travail et passeport talent selon le profil', 'Constitution et vérification du dossier', 'Traduction assermentée des diplômes et attestations'],
 ARRAY['تأشيرة العمل و"جواز الموهبة" حسب الملف', 'إعداد وتدقيق الملف', 'الترجمة المحلّفة للشهادات']),
('france', 'pr', 30, 'Installation / Résidence', 'الإقامة / الاستقرار',
 ARRAY['Visa long séjour et démarches de titre de séjour', 'Regroupement familial et justificatifs', 'Accompagnement administratif à l’arrivée'],
 ARRAY['تأشيرة الإقامة الطويلة وإجراءات سند الإقامة', 'لمّ الشمل العائلي والمبررات', 'مرافقة إدارية عند الوصول']),
('canada', 'student', 10, 'Étudiants', 'الطلبة',
 ARRAY['Lettre d’admission et dossier d’études', 'TCF / TEF Canada et préparation linguistique', 'Permis d’études et justificatifs financiers'],
 ARRAY['رسالة القبول وملف الدراسة', 'TCF / TEF كندا والتحضير اللغوي', 'رخصة الدراسة والمبررات المالية']),
('canada', 'worker', 20, 'Travailleurs', 'العمال',
 ARRAY['Préparation du dossier et des pièces requises', 'Traduction assermentée et mise en forme', 'CV au format canadien'],
 ARRAY['تحضير الملف والوثائق المطلوبة', 'الترجمة المحلّفة والتنسيق', 'سيرة ذاتية بالنمط الكندي']),
('canada', 'pr', 30, 'Résidence permanente', 'الإقامة الدائمة',
 ARRAY['Préparation administrative du dossier', 'Rassemblement et traduction des justificatifs', 'Orientation vers les ressources officielles'],
 ARRAY['التحضير الإداري للملف', 'جمع وترجمة المبررات', 'التوجيه نحو الموارد الرسمية'])
ON CONFLICT (destination_id, key) DO NOTHING;

-- ---------------------------------------------------------------- testimonials
INSERT INTO testimonials (id, sort_order, published, name, city, destination_id, quote_fr, quote_ar) VALUES
(1, 10, true, 'Yacine B.', 'Oran', 'france',
 'Dossier Campus France accepté du premier coup. Tout était carré, on m’a guidé à chaque étape jusqu’à l’entretien.',
 'قُبل ملف كامبوس فرانس من أول مرة. كان كل شيء منظّماً، رافقوني في كل خطوة حتى المقابلة.'),
(2, 20, true, 'Lina H.', 'Alger', 'canada',
 'Inscription TEF Canada et traduction de mes diplômes gérées sans que j’aie à courir partout. Sérieux et rapide.',
 'تكفّلوا بالتسجيل في TEF كندا وترجمة شهاداتي دون أن أتنقّل. جدية وسرعة.'),
(3, 30, true, 'Sofiane M.', 'Constantine', 'france',
 'Le rendez-vous TLS que je cherchais depuis des semaines, obtenu en quelques jours. Merci.',
 'الموعد في TLS الذي بحثت عنه أسابيع، حصلت عليه في أيام. شكراً.')
ON CONFLICT (id) DO NOTHING;
SELECT setval('testimonials_id_seq', GREATEST((SELECT COALESCE(MAX(id), 1) FROM testimonials), 1));
